{"start_x_pct": 0.11966463414634146, "start_y_pct": 0.3116531165311653, "step_x_pct": 0.10834059233449478, "step_y_pct": 0.260840108401084}